0,0.47
1,0.68
2,0.25
3,0.67
4,0.83
5,0.23
6,0.92
7,0.57
8,0.14
9,0.23
10,0.72
11,0.89
12,0.42
13,0.9
14,0.08
15,0.39
16,0.68
17,0.48
18,0.07
19,0.44
20,0.0
21,0.75
22,0.55
23,0.06
24,0.19
25,0.6
26,0.44
27,0.63
28,0.69
29,0.56
30,0.24
31,0.55
32,0.53
33,0.61
34,0.64
35,0.34
36,0.56
37,0.73
38,0.78
39,0.38
40,0.04
41,0.09
42,0.87
43,0.99
44,0.67
45,0.72
46,0.83
47,0.48
48,0.01
49,0.64
50,0.16
51,0.31
52,0.93
53,0.44
54,0.92
55,0.71
56,0.23
57,0.1
58,0.35
59,0.64
60,0.61
61,0.07
62,0.23
63,0.92
64,0.96
65,0.21
66,0.35
67,0.97
68,0.67
69,0.91
70,0.97
71,0.19
72,0.27
73,0.04
74,0.19
75,0.33
76,0.3
77,0.57
78,0.73
79,0.93
80,0.81
81,0.31
82,0.02
83,0.83
84,0.5
85,0.18
86,0.21
87,0.67
88,0.75
89,0.58
90,0.47
91,0.16
92,0.12
93,0.93
94,0.09
95,0.76
96,0.67
97,0.14
98,0.2
99,0.53
100,0.15
101,0.59
102,0.35
103,0.48
104,0.04
105,0.43
106,0.72
107,0.9
108,0.54
109,0.43
110,0.87
111,0.77
112,0.5
113,0.39
114,0.03
115,0.29
116,0.12
117,0.76
118,0.79
119,0.29
120,0.08
121,0.54
122,0.38
123,0.7
124,0.21
125,0.44
126,0.91
127,0.07
128,0.81
129,0.69
130,0.52
131,0.41
132,0.29
133,0.26
134,0.64
135,0.62
136,0.86
137,0.98
138,0.12
139,0.06
140,0.34
141,0.59
142,0.93
143,0.17
144,0.05
145,0.79
146,0.49
147,0.54
148,0.76
149,0.92
150,0.54
151,0.47
152,0.37
153,0.73
154,0.87
155,0.21
156,0.04
157,0.91
158,0.76
159,0.75
160,0.06
161,0.97
162,0.85
163,0.85
164,0.3
165,0.92
166,0.56
167,0.51
168,0.55
169,0.12
170,0.76
171,0.36
172,0.71
173,0.85
174,0.58
175,0.41
176,0.15
177,0.43
178,0.59
179,0.82
180,0.63
181,0.28
182,0.16
183,0.05
184,0.35
185,0.77
186,0.32
187,0.87
188,0.95
189,0.33
190,0.45
191,0.4
192,0.91
193,0.14
194,0.45
195,0.42
196,0.96
197,0.34
198,0.95
199,0.55
200,0.18
201,0.09
202,0.73
203,0.13
204,0.85
205,0.43
206,0.01
207,0.31
208,0.14
209,0.8
210,0.48
211,0.25
212,0.33
213,0.85
214,0.83
215,0.82
216,0.64
217,0.77
218,0.58
219,0.1
220,0.52
221,0.27
222,0.28
223,0.08
224,0.97
225,0.89
226,0.44
227,0.51
228,0.54
229,0.42
230,0.92
231,0.07
232,0.15
233,0.0
234,0.82
235,0.48
236,0.64
237,0.44
238,0.09
239,0.46
240,0.56
241,0.98
242,0.48
243,0.43
244,0.05
245,0.21
246,0.16
247,0.11
248,0.32
249,0.4
250,0.36
251,0.69
252,0.28
253,0.93
254,0.49
255,0.61
256,0.52
257,0.95
258,0.07
259,0.92
260,0.58
261,0.5
262,0.48
263,0.78
264,0.47
265,0.62
266,0.77
267,0.83
268,0.77
269,0.24
270,0.67
271,0.07
272,0.49
273,0.32
274,0.33
275,0.75
276,0.91
277,0.68
278,0.95
279,0.61
280,0.94
281,0.78
282,0.43
283,0.76
284,0.16
285,0.26
286,0.96
287,0.97
288,0.08
289,0.52
290,0.94
291,0.97
292,0.79
293,0.22
294,0.56
295,0.53
296,0.34
297,0.12
298,0.04
299,0.44
300,0.55
301,0.2
302,0.43
303,0.49
304,0.18
305,0.56
306,0.21
307,0.5
308,0.22
309,0.18
310,0.69
311,0.05
312,0.05
313,0.7
314,0.95
315,0.29
316,0.16
317,0.42
318,0.46
319,0.68
320,0.77
321,0.66
322,0.12
323,0.54
324,0.88
325,0.91
326,0.55
327,0.16
328,0.05
329,0.93
330,0.73
331,0.44
332,0.55
333,0.39
334,0.78
335,0.7
336,0.62
337,0.02
338,0.37
339,0.86
340,0.46
341,0.09
342,0.35
343,0.15
344,0.2
345,0.32
346,0.99
347,0.21
348,0.7
349,0.84
350,0.0
351,0.84
352,0.33
353,0.21
354,0.66
355,0.11
356,0.47
357,0.11
358,0.36
359,0.72
360,0.43
361,0.71
362,0.53
363,0.07
364,0.21
365,0.19
366,0.86
367,0.45
368,0.5
369,0.99
370,0.81
371,0.33
372,0.08
373,0.79
374,0.74
375,0.18
376,0.91
377,0.59
378,0.81
379,0.9
380,0.0
381,0.72
382,0.13
383,0.24
384,0.12
385,0.49
386,0.98
387,0.67
388,0.96
389,0.9
390,0.81
391,0.75
392,0.01
393,0.37
394,0.37
395,0.54
396,0.73
397,0.91
398,0.83
399,0.43
400,0.5
401,0.84
402,0.66
403,0.08
404,0.62
405,0.84
406,0.57
407,0.48
408,0.74
409,0.32
410,0.66
411,0.22
412,0.67
413,0.41
414,0.28
415,0.53
416,0.79
417,0.45
418,0.73
419,0.41
420,0.36
421,0.4
422,0.12
423,0.98
424,0.36
425,0.86
426,0.69
427,0.59
428,0.79
429,0.03
430,0.37
431,0.86
432,0.46
433,0.14
434,0.19
435,0.5
436,0.37
437,0.57
438,0.87
439,0.69
440,0.88
441,0.11
442,0.26
443,0.34
444,0.8
445,0.41
446,0.83
447,0.34
448,0.63
449,0.74
450,0.68
451,0.67
452,0.04
453,0.07
454,0.58
455,0.02
456,0.39
457,0.56
458,0.74
459,0.72
460,0.93
461,0.04
462,0.0
463,0.52
464,0.87
465,0.2
466,0.93
467,0.31
468,0.49
469,0.22
470,0.3
471,0.64
472,0.34
473,0.84
474,0.79
475,0.2
476,0.17
477,0.1
478,0.0
479,0.0
480,0.98
481,0.35
482,0.28
483,0.41
484,0.35
485,0.85
486,0.45
487,0.88
488,0.6
489,0.86
490,0.87
491,0.92
492,0.11
493,0.11
494,0.22
495,0.28
496,0.36
497,0.66
498,0.93
499,0.54
500,0.42
501,0.08
502,0.38
503,0.9
504,0.17
505,0.16
506,0.71
507,0.56
508,0.04
509,0.46
510,0.67
511,0.87
512,0.46
513,0.28
514,0.44
515,0.36
516,0.31
517,0.48
518,0.4
519,0.21
520,0.59
521,0.64
522,0.28
523,0.07
524,0.43
525,0.9
526,0.05
527,0.76
528,0.65
529,0.85
530,0.89
531,0.52
532,0.89
533,0.21
534,0.37
535,0.25
536,0.68
537,0.29
538,0.22
539,0.32
540,0.63
541,0.86
542,0.98
543,0.1
544,0.77
545,0.35
546,0.33
547,0.38
548,0.8
549,0.68
550,0.23
551,0.0
552,0.82
553,0.73
554,0.06
555,0.17
556,0.02
557,0.14
558,0.46
559,0.66
560,0.31
561,0.08
562,0.77
563,0.92
564,0.41
565,0.26
566,0.18
567,0.84
568,0.23
569,0.55
570,0.28
571,0.92
572,0.79
573,0.45
574,0.97
575,0.64
576,0.01
577,0.24
578,0.58
579,0.36
580,0.42
581,0.47
582,0.86
583,0.43
584,0.01
585,0.84
586,0.72
587,0.87
588,0.46
589,0.51
590,0.27
591,0.35
592,0.78
593,0.22
594,0.89
595,0.61
596,0.55
597,0.25
598,0.3
599,0.76
600,0.57
601,0.46
602,0.87
603,0.59
604,0.88
605,0.86
606,0.27
607,0.02
608,0.5
609,0.18
610,0.17
611,0.52
612,0.81
613,0.04
614,0.89
615,0.93
616,0.75
617,0.95
618,0.58
619,0.03
620,0.3
621,0.77
622,0.69
623,0.62
624,0.0
625,0.79
626,0.6
627,0.44
628,0.13
629,0.96
630,0.55
631,0.96
632,0.54
633,0.75
634,0.65
635,0.96
636,0.06
637,0.48
638,0.03
639,0.38
640,0.55
641,0.94
642,0.04
643,0.91
644,0.3
645,0.26
646,0.46
647,0.55
648,0.41
649,0.54
650,0.26
651,0.91
652,0.89
653,0.63
654,0.66
655,0.21
656,0.84
657,0.74
658,0.97
659,0.37
660,0.44
661,0.49
662,0.82
663,0.45
664,0.81
665,0.55
666,0.17
667,0.98
668,0.72
669,0.77
670,0.62
671,0.47
672,0.69
673,0.22
674,0.4
675,0.51
676,0.82
677,0.65
678,0.45
679,0.53
680,0.32
681,0.52
682,0.71
683,0.04
684,0.29
685,0.76
686,0.0
687,0.02
688,0.47
689,0.85
690,0.22
691,0.73
692,0.94
693,0.86
694,0.53
695,0.87
696,0.43
697,0.52
698,0.1
699,0.08
700,0.75
701,0.39
702,0.56
703,0.67
704,0.71
705,0.16
706,0.7
707,0.07
708,0.77
709,0.16
710,0.02
711,0.04
712,0.66
713,0.29
714,0.77
715,0.63
716,0.24
717,0.64
718,0.85
719,0.99
720,0.9
721,0.93
722,0.79
723,0.04
724,0.21
725,0.27
726,0.44
727,0.74
728,0.27
729,0.64
730,0.85
731,0.25
732,0.67
733,0.05
734,0.0
735,0.45
736,0.17
737,0.74
738,0.39
739,0.23
740,0.66
741,0.83
742,0.86
743,0.76
744,0.52
745,0.24
746,0.02
747,0.71
748,0.92
749,0.71
750,0.5
751,0.6
752,0.35
753,0.96
754,0.25
755,0.41
756,0.84
757,0.58
758,0.51
759,0.05
760,0.54
761,0.35
762,0.79
763,0.4
764,0.04
765,0.27
766,0.08
767,0.65
768,0.2
769,0.02
770,0.46
771,0.77
772,0.08
773,0.21
774,0.11
775,0.64
776,0.1
777,0.33
778,0.27
779,0.31
780,0.11
781,0.31
782,0.33
783,0.09
784,0.93
785,0.78
786,0.66
787,0.73
788,0.75
789,0.65
790,0.98
791,0.63
792,0.81
793,0.05
794,0.59
795,0.38
796,0.95
797,0.5
798,0.14
799,0.81
800,0.86
801,0.16
802,0.05
803,0.39
804,0.84
805,0.02
806,0.22
807,0.04
808,0.97
809,0.51
810,0.96
811,0.88
812,0.49
813,0.54
814,0.1
815,0.16
816,0.41
817,0.96
818,0.43
819,0.58
820,0.19
821,0.18
822,0.44
823,0.82
824,0.57
825,0.0
826,0.12
827,0.45
828,0.21
829,0.16
830,0.46
831,0.91
832,0.6
833,0.82
834,0.15
835,0.92
836,0.19
837,0.74
838,0.44
839,0.89
840,0.64
841,0.88
842,0.32
843,0.39
844,0.48
845,0.78
846,0.37
847,0.39
848,0.14
849,0.27
850,0.51
851,0.02
852,0.81
853,0.56
854,0.01
855,0.66
856,0.3
857,0.73
858,0.87
859,0.68
860,0.45
861,0.44
862,0.3
863,0.8
864,0.69
865,0.52
866,0.39
867,0.65
868,0.9
869,0.96
870,0.47
871,0.77
872,0.75
873,0.39
874,0.11
875,0.97
876,0.37
877,0.54
878,0.88
879,0.26
880,0.84
881,0.32
882,0.38
883,0.51
884,0.92
885,0.82
886,0.01
887,0.44
888,0.74
889,0.74
890,0.48
891,0.02
892,0.31
893,0.31
894,0.49
895,0.15
896,0.45
897,0.06
898,0.84
899,0.22
900,0.08
901,0.17
902,0.31
903,0.71
904,0.42
905,0.73
906,0.91
907,0.31
908,0.58
909,0.72
910,0.38
911,0.49
912,0.0
913,0.31
914,0.23
915,0.96
916,0.07
917,0.0
918,0.59
919,0.3
920,0.91
921,0.99
922,0.48
923,0.2
924,0.64
925,0.59
926,0.02
927,0.7
928,0.34
929,0.49
930,0.77
931,0.28
932,0.04
933,0.62
934,0.47
935,0.2
936,0.17
937,0.39
938,0.86
939,0.82
940,0.95
941,0.87
942,0.14
943,0.16
944,0.17
945,0.07
946,0.61
947,0.71
948,0.35
949,0.64
950,0.21
951,0.93
952,0.3
953,0.73
954,0.57
955,0.45
956,0.56
957,0.09
958,0.01
959,0.2
960,0.16
961,0.15
962,0.9
963,0.35
964,0.66
965,0.19
966,0.69
967,0.77
968,0.66
969,0.96
970,0.38
971,0.31
972,0.11
973,0.86
974,0.63
975,0.64
976,0.21
977,0.43
978,0.01
979,0.14
980,0.82
981,0.55
982,0.35
983,0.1
984,0.98
985,0.49
986,0.06
987,0.1
988,0.46
989,0.57
990,0.26
991,0.14
992,0.07
993,0.63
994,0.93
995,0.3
996,0.45
997,0.88
998,0.44
999,0.72
1000,0.56
1001,0.89
1002,0.31
1003,0.41
1004,0.88
1005,0.78
1006,0.57
1007,0.99
1008,0.79
1009,0.1
1010,0.33
1011,0.74
1012,0.48
1013,0.91
1014,0.44
1015,0.49
1016,0.29
1017,0.31
1018,0.08
1019,0.72
1020,0.87
1021,0.36
1022,0.52
1023,0.62
1024,0.16
1025,0.05
1026,0.95
1027,0.42
1028,0.76
1029,0.83
1030,0.67
1031,0.76
1032,0.49
1033,0.61
1034,0.76
1035,0.53
1036,0.34
1037,0.69
1038,0.8
1039,0.35
1040,0.68
1041,0.26
1042,0.45
1043,0.17
1044,0.51
1045,0.4
1046,0.85
1047,0.68
1048,0.82
1049,0.97
1050,0.03
1051,0.63
1052,0.78
1053,0.03
1054,0.49
1055,0.06
1056,0.86
1057,0.93
1058,0.55
1059,0.71
1060,0.65
1061,0.77
1062,0.53
1063,0.83
1064,0.68
1065,0.57
1066,0.8
1067,0.36
1068,0.75
1069,0.83
1070,0.72
1071,0.63
1072,0.98
1073,0.79
1074,0.6
1075,0.26
1076,0.03
1077,0.25
1078,0.92
1079,0.02
1080,0.33
1081,0.94
1082,0.63
1083,0.86
1084,0.25
1085,0.41
1086,0.86
1087,0.07
1088,0.24
1089,0.95
1090,0.61
1091,0.74
1092,0.79
1093,0.58
1094,0.31
1095,0.25
1096,0.86
1097,0.36
1098,0.86
1099,0.95
1100,0.94
1101,0.68
1102,0.69
1103,0.55
1104,0.28
1105,0.36
1106,0.15
1107,0.8
1108,0.45
1109,0.21
1110,0.02
1111,0.21
1112,0.29
1113,0.04
1114,0.21
1115,0.6
1116,0.45
1117,0.49
1118,0.71
1119,0.2
1120,0.2
1121,0.84
1122,0.78
1123,0.66
1124,0.47
1125,0.08
1126,0.71
1127,0.22
1128,0.38
1129,0.13
1130,0.13
1131,0.24
1132,0.14
1133,0.8
1134,0.06
1135,0.28
1136,0.5
1137,0.38
1138,0.62
1139,0.04
1140,0.47
1141,0.56
1142,0.42
1143,0.67
1144,0.83
1145,0.75
1146,0.94
1147,0.36
1148,0.63
1149,0.16
1150,0.66
1151,0.74
1152,0.08
1153,0.4
1154,0.02
1155,0.43
1156,0.31
1157,0.69
1158,0.7
1159,0.72
1160,0.96
1161,0.39
1162,0.19
1163,0.24
1164,0.43
1165,0.6
1166,0.85
1167,0.48
1168,0.52
1169,0.33
1170,0.93
1171,0.1
1172,0.62
1173,0.58
1174,0.19
1175,0.89
1176,0.21
1177,0.91
1178,0.84
1179,0.23
1180,0.03
1181,0.26
1182,0.22
1183,0.93
1184,0.26
1185,0.94
1186,0.85
1187,0.73
1188,0.91
1189,0.66
1190,0.87
1191,0.62
1192,0.75
1193,0.99
1194,0.18
1195,0.31
1196,0.96
1197,0.79
1198,0.36
1199,0.3
1200,0.15
1201,0.15
1202,0.11
1203,0.73
1204,0.35
1205,0.16
1206,0.49
1207,0.32
1208,0.12
1209,0.78
1210,0.11
1211,0.63
1212,0.29
1213,0.35
1214,0.82
1215,0.16
1216,0.45
1217,0.21
1218,0.89
1219,0.34
1220,0.52
1221,0.74
1222,0.91
1223,0.53
1224,0.17
1225,0.71
1226,0.22
1227,0.47
1228,0.91
1229,0.03
1230,0.77
1231,0.73
1232,0.89
1233,0.14
1234,0.77
1235,0.41
1236,0.72
1237,0.84
1238,0.3
1239,0.2
1240,0.8
1241,0.96
1242,0.89
1243,0.67
1244,0.85
1245,0.05
1246,0.55
1247,0.97
1248,0.08
1249,0.93
1250,0.13
1251,0.48
1252,0.39
1253,0.48
1254,0.29
1255,0.97
1256,0.12
1257,0.57
1258,0.4
1259,0.11
1260,0.65
1261,0.85
1262,0.91
1263,0.41
1264,0.92
1265,0.97
1266,0.01
1267,0.12
1268,0.89
1269,0.06
1270,0.47
1271,0.99
1272,0.1
1273,0.54
1274,0.25
1275,0.83
1276,0.86
1277,0.81
1278,0.48
1279,0.38
1280,0.54
1281,0.93
1282,0.96
1283,0.7
1284,0.8
1285,0.56
1286,0.77
1287,0.14
1288,0.01
1289,0.3
1290,0.81
1291,0.98
1292,0.97
1293,0.59
1294,0.64
1295,0.83
1296,0.28
1297,0.05
1298,0.2
1299,0.83
1300,0.4
1301,0.65
1302,0.58
1303,0.45
1304,0.79
1305,0.15
1306,0.53
1307,0.81
1308,0.09
1309,0.25
1310,0.33
1311,0.02
1312,0.38
1313,0.0
1314,0.92
1315,0.64
1316,0.08
1317,0.06
1318,0.92
1319,0.92
1320,0.96
1321,0.81
1322,0.85
1323,0.97
1324,0.07
1325,0.04
1326,0.69
1327,0.6
1328,0.47
1329,0.62
1330,0.3
1331,0.49
1332,0.93
1333,0.97
1334,0.05
1335,0.88
1336,0.61
1337,0.0
1338,0.39
1339,0.16
1340,0.8
1341,0.56
1342,0.76
1343,0.86
1344,0.67
1345,0.84
1346,0.04
1347,0.06
1348,0.37
1349,0.78
1350,0.06
1351,0.07
1352,0.06
1353,0.47
1354,0.52
1355,0.33
1356,0.46
1357,0.75
1358,0.24
1359,0.48
1360,0.58
1361,0.15
1362,0.79
1363,0.79
1364,0.65
1365,0.07
1366,0.97
1367,0.29
1368,0.26
1369,0.27
1370,0.47
1371,0.46
1372,0.52
1373,0.78
1374,0.03
1375,0.27
1376,0.16
1377,0.59
1378,0.76
1379,0.8
1380,0.53
1381,0.71
1382,0.71
1383,0.77
1384,0.75
1385,0.18
1386,0.09
1387,0.44
1388,0.09
1389,0.02
1390,0.97
1391,0.68
1392,0.02
1393,0.94
1394,0.88
1395,0.69
1396,0.66
1397,0.49
1398,0.72
1399,0.66
1400,0.24
1401,0.88
1402,0.49
1403,0.46
1404,0.38
1405,0.52
1406,0.74
1407,0.89
1408,0.71
1409,0.23
1410,0.19
1411,0.02
1412,0.73
1413,0.37
1414,0.43
1415,0.85
1416,0.53
1417,0.47
1418,0.08
1419,0.31
1420,0.27
1421,0.66
1422,0.85
1423,0.88
1424,0.67
1425,0.54
1426,0.22
1427,0.29
1428,0.41
1429,0.35
1430,0.25
1431,0.3
1432,0.08
1433,0.22
1434,0.7
1435,0.69
1436,0.61
1437,0.87
1438,0.32
1439,0.43
1440,0.45
1441,0.95
1442,0.6
1443,0.42
1444,0.04
1445,0.8
1446,0.02
1447,0.69
1448,0.47
1449,0.55
1450,0.22
1451,0.93
1452,0.24
1453,0.84
1454,0.84
1455,0.48
1456,0.82
1457,0.65
1458,0.78
1459,0.61
1460,0.88
1461,0.69
1462,0.32
1463,0.68
1464,0.2
1465,0.63
1466,0.31
1467,0.48
1468,0.32
1469,0.93
1470,0.74
1471,0.49
1472,0.52
1473,0.27
1474,0.23
1475,0.1
1476,0.81
1477,0.85
1478,0.38
1479,0.08
1480,0.1
1481,0.03
1482,0.57
1483,0.3
1484,0.55
1485,0.66
1486,0.0
1487,0.49
1488,0.37
1489,0.85
1490,0.33
1491,0.87
1492,0.05
1493,0.19
1494,0.02
1495,0.26
1496,0.05
1497,0.54
1498,0.11
1499,0.61
1500,0.47
1501,0.38
1502,0.97
1503,0.46
1504,0.2
1505,0.03
1506,0.56
1507,0.68
1508,0.61
1509,0.06
1510,0.23
1511,0.79
1512,0.48
1513,0.93
1514,0.36
1515,0.07
1516,0.47
1517,0.06
1518,0.11
1519,0.69
1520,0.88
1521,0.29
1522,0.74
1523,0.61
1524,0.29
1525,0.51
1526,0.42
1527,0.52
1528,0.54
1529,0.89
1530,0.74
1531,0.22
1532,0.16
1533,0.8
1534,0.98
1535,0.8
1536,0.76
1537,0.67
1538,0.5
1539,0.26
1540,0.92
1541,0.61
1542,0.37
1543,0.89
1544,0.99
1545,0.86
1546,0.08
1547,0.65
1548,0.31
1549,0.41
1550,0.46
1551,0.3
1552,0.92
1553,0.04
1554,0.99
1555,0.56
1556,0.48
1557,0.91
1558,0.57
1559,0.49
1560,0.9
1561,0.09
1562,0.26
1563,0.29
1564,0.52
1565,0.19
1566,0.68
1567,0.92
1568,0.41
1569,0.79
1570,0.92
1571,0.15
1572,0.24
1573,0.29
1574,0.01
1575,0.58
1576,0.19
1577,0.46
1578,0.96
1579,0.82
1580,0.67
1581,0.32
1582,0.88
1583,0.99
1584,0.0
1585,0.56
1586,0.79
1587,0.24
1588,0.98
1589,0.74
1590,0.87
1591,0.34
1592,0.2
1593,0.55
1594,0.52
1595,0.67
1596,0.13
1597,0.9
1598,0.32
1599,0.15
1600,0.65
1601,0.32
1602,0.01
1603,0.86
1604,0.61
1605,0.01
1606,0.85
1607,0.14
1608,0.08
1609,0.92
1610,0.19
1611,0.03
1612,0.73
1613,0.9
1614,0.23
1615,0.43
1616,0.65
1617,0.47
1618,0.23
1619,0.55
1620,0.91
1621,0.59
1622,0.82
1623,0.27
1624,0.1
1625,0.31
1626,0.56
1627,0.84
1628,0.03
1629,0.52
1630,0.39
1631,0.9
1632,0.54
1633,0.96
1634,0.53
1635,0.77
1636,0.07
1637,0.26
1638,0.59
1639,0.46
1640,0.61
1641,0.88
1642,0.91
1643,0.48
1644,0.17
1645,0.29
1646,0.29
1647,0.21
1648,0.75
1649,0.98
1650,0.55
1651,0.47
1652,0.7
1653,0.69
1654,0.73
1655,0.1
1656,0.77
1657,0.54
1658,0.65
1659,0.35
1660,0.05
1661,0.04
1662,0.11
1663,0.62
1664,0.5
1665,0.48
1666,0.18
1667,0.09
1668,0.04
1669,0.27
1670,0.61
1671,0.48
1672,0.25
1673,0.02
1674,0.41
1675,0.16
1676,0.59
1677,0.65
1678,0.44
1679,0.98
1680,0.3
1681,0.69
1682,0.46
1683,0.38
1684,0.9
1685,0.75
1686,0.67
1687,0.58
1688,0.33
1689,0.58
1690,0.63
1691,0.88
1692,0.52
1693,0.14
1694,0.52
1695,0.49
1696,0.81
1697,0.32
1698,0.65
1699,0.36
1700,0.63
1701,0.48
1702,0.24
1703,0.25
1704,0.2
1705,0.21
1706,0.85
1707,0.14
1708,0.26
1709,0.77
1710,0.92
1711,0.53
1712,0.0
1713,0.11
1714,0.49
1715,0.65
1716,0.08
1717,0.41
1718,0.99
1719,0.89
1720,0.74
1721,0.88
1722,0.96
1723,0.69
1724,0.74
1725,0.04
1726,0.64
1727,0.82
1728,0.24
1729,0.0
1730,0.64
1731,0.61
1732,0.25
1733,0.73
1734,0.37
1735,0.26
1736,0.44
1737,0.63
1738,0.51
1739,0.63
1740,0.98
1741,0.09
1742,0.19
1743,0.37
1744,0.16
1745,0.59
1746,0.21
1747,0.94
1748,0.55
1749,0.69
1750,0.27
1751,0.55
1752,0.05
1753,0.13
1754,0.03
1755,0.19
1756,0.09
1757,0.1
1758,0.43
1759,0.25
1760,0.71
1761,0.6
1762,0.02
1763,0.92
1764,0.39
1765,0.59
1766,0.12
1767,0.16
1768,0.3
1769,0.9
1770,0.5
1771,0.08
1772,0.18
1773,0.98
1774,0.8
1775,0.87
1776,0.23
1777,0.03
1778,0.47
1779,0.85
1780,0.58
1781,0.49
1782,0.92
1783,0.17
1784,0.49
1785,0.2
1786,0.41
1787,0.45
1788,0.05
1789,0.51
1790,0.19
1791,0.96
1792,0.34
1793,0.47
1794,0.5
1795,0.99
1796,0.28
1797,0.78
1798,0.1
1799,0.68
1800,0.71
1801,0.41
1802,0.56
1803,0.0
1804,0.25
1805,0.66
1806,0.81
1807,0.92
1808,0.92
1809,0.81
1810,0.26
1811,0.25
1812,0.26
1813,0.82
1814,0.66
1815,0.0
1816,0.54
1817,0.5
1818,0.6
1819,0.16
1820,0.54
1821,0.0
1822,0.88
1823,0.82
1824,0.16
1825,0.0
1826,0.62
1827,0.06
1828,0.48
1829,0.62
1830,0.3
1831,0.19
1832,0.07
1833,0.54
1834,0.42
1835,0.92
1836,0.59
1837,0.91
1838,0.79
1839,0.75
1840,0.95
1841,0.38
1842,0.25
1843,0.35
1844,0.22
1845,0.17
1846,0.03
1847,0.25
1848,0.7
1849,0.06
1850,0.7
1851,0.54
1852,0.76
1853,0.6
1854,0.48
1855,0.93
1856,0.86
1857,0.85
1858,0.54
1859,0.61
1860,0.74
1861,0.74
1862,0.67
1863,0.81
1864,0.85
1865,0.31
1866,0.57
1867,0.61
1868,0.52
1869,0.58
1870,0.25
1871,0.13
1872,0.09
1873,0.16
1874,0.73
1875,0.83
1876,0.77
1877,0.33
1878,0.94
1879,0.17
1880,0.1
1881,0.21
1882,0.0
1883,0.08
1884,0.35
1885,0.33
1886,0.54
1887,0.9
1888,0.98
1889,0.82
1890,0.18
1891,0.19
1892,0.43
1893,0.36
1894,0.88
1895,0.95
1896,0.55
1897,0.64
1898,0.15
1899,0.98
1900,0.05
1901,0.4
1902,0.4
1903,0.29
1904,0.1
1905,0.93
1906,0.36
1907,0.94
1908,0.3
1909,0.74
1910,0.03
1911,0.45
1912,0.51
1913,0.45
1914,0.26
1915,0.69
1916,0.81
1917,0.62
1918,0.28
1919,0.68
1920,0.29
1921,0.0
1922,0.86
1923,0.38
1924,0.81
1925,0.66
1926,0.65
1927,0.4
1928,0.01
1929,0.04
1930,0.99
1931,0.99
1932,0.2
1933,0.95
1934,0.88
1935,0.65
1936,0.5
1937,0.71
1938,0.89
1939,0.06
1940,0.46
1941,0.04
1942,0.64
1943,0.3
1944,0.18
1945,0.0
1946,0.75
1947,0.84
1948,0.39
1949,0.91
1950,0.47
1951,0.97
1952,0.02
1953,0.3
1954,0.62
1955,0.35
1956,0.95
1957,0.68
1958,0.72
1959,0.19
1960,0.01
1961,0.94
1962,0.68
1963,0.06
1964,0.94
1965,0.71
1966,0.27
1967,0.9
1968,0.73
1969,0.92
1970,0.4
1971,0.42
1972,0.38
1973,0.08
1974,0.74
1975,0.94
1976,0.51
1977,0.21
1978,0.95
1979,0.25
1980,0.69
1981,0.94
1982,0.45
1983,0.31
1984,0.54
1985,0.92
1986,0.83
1987,0.56
1988,0.34
1989,0.29
1990,0.6
1991,0.23
1992,0.87
1993,0.23
1994,0.41
1995,0.66
1996,0.82
1997,0.13
1998,0.06
1999,0.08
2000,0.8
2001,0.7
2002,0.26
2003,0.61
2004,0.88
2005,0.37
2006,0.76
2007,0.65
2008,0.08
2009,0.08
2010,0.38
2011,0.41
2012,0.69
2013,0.45
2014,0.96
2015,0.24
2016,0.21
2017,0.1
2018,0.96
2019,0.18
2020,0.25
2021,0.74
2022,0.83
2023,0.23
2024,0.7
2025,0.16
2026,0.08
2027,0.77
2028,0.52
2029,0.07
2030,0.81
2031,0.66
2032,0.64
2033,0.05
2034,0.73
2035,0.36
2036,0.51
2037,0.15
2038,0.33
2039,0.52
2040,0.46
2041,0.48
2042,0.51
2043,0.56
2044,0.44
2045,0.15
2046,0.18
2047,0.64
2048,0.53
2049,0.71
2050,0.53
2051,0.79
2052,0.58
2053,0.66
2054,0.41
2055,0.01
2056,0.55
2057,0.54
2058,0.2
2059,0.78
2060,0.77
2061,0.31
2062,0.93
2063,0.9
2064,0.43
2065,0.67
2066,0.71
2067,0.13
2068,0.82
2069,0.86
2070,0.98
2071,0.69
2072,0.2
2073,0.39
2074,0.67
2075,0.77
2076,0.14
2077,0.19
2078,0.43
2079,0.38
2080,0.93
2081,0.16
2082,0.07
2083,0.47
2084,0.98
2085,0.79
2086,0.32
2087,0.84
2088,0.75
2089,0.57
2090,0.56
2091,0.96
2092,0.34
2093,0.81
2094,0.68
2095,0.09
2096,0.46
2097,0.14
2098,0.76
2099,0.0
2100,0.58
2101,0.32
2102,0.1
2103,0.38
2104,0.62
2105,0.37
2106,0.91
2107,0.1
2108,0.97
2109,0.91
2110,0.77
2111,0.4
2112,0.09
2113,0.25
2114,0.3
2115,0.55
2116,0.6
2117,0.21
2118,0.94
2119,0.26
2120,0.61
2121,0.24
2122,0.43
2123,0.23
2124,0.8
2125,0.05
2126,0.46
2127,0.15
2128,0.96
2129,0.76
2130,0.73
2131,0.2
2132,0.47
2133,0.56
2134,0.01
2135,0.6
2136,0.43
2137,0.1
2138,0.77
2139,0.56
2140,0.56
2141,0.65
2142,0.12
2143,0.1
2144,0.1
2145,0.5
2146,0.49
2147,0.74
2148,0.41
2149,0.67
2150,0.73
2151,0.52
2152,0.24
2153,0.37
2154,0.78
2155,0.34
2156,0.31
2157,0.74
2158,0.98
2159,0.8
2160,0.71
2161,0.99
2162,0.84
2163,0.99
2164,0.86
2165,0.55
2166,0.64
2167,0.48
2168,0.86
2169,0.82
2170,0.5
2171,0.28
2172,0.17
2173,0.15
2174,0.95
2175,0.35
2176,0.91
2177,0.17
2178,0.59
2179,0.09
2180,0.02
2181,0.09
2182,0.66
2183,0.28
2184,0.7
2185,0.5
2186,0.53
2187,0.4
2188,0.34
2189,0.63
2190,0.65
2191,0.92
2192,0.88
2193,0.33
2194,0.86
2195,0.47
2196,0.01
2197,0.29
2198,0.42
2199,0.57
2200,0.7
2201,0.98
2202,0.34
2203,0.38
2204,0.3
2205,0.55
2206,0.47
2207,0.45
2208,0.25
2209,0.23
2210,0.57
2211,0.34
2212,0.08
2213,0.61
2214,0.08
2215,0.99
2216,0.75
2217,0.52
2218,0.57
2219,0.43
2220,0.55
2221,0.1
2222,0.52
2223,0.21
2224,0.25
2225,0.55
2226,0.56
2227,0.45
2228,0.09
2229,0.96
2230,0.75
2231,0.58
2232,0.42
2233,0.38
2234,0.96
2235,0.4
2236,0.74
2237,0.95
2238,0.09
2239,0.74
2240,0.04
2241,0.22
2242,0.84
2243,0.81
2244,0.88
2245,0.83
2246,0.29
2247,0.49
2248,0.41
2249,0.76
2250,0.87
2251,0.44
2252,0.34
2253,0.4
2254,0.4
2255,0.22
2256,0.06
2257,0.28
2258,0.21
2259,0.02
2260,0.82
2261,0.63
2262,0.04
2263,0.23
2264,0.08
2265,0.77
2266,0.29
2267,0.26
2268,0.78
2269,0.44
2270,0.37
2271,0.27
2272,0.82
2273,0.72
2274,0.45
2275,0.12
2276,0.82
2277,0.45
2278,0.03
2279,0.83
2280,0.79
2281,0.54
2282,0.52
2283,0.17
2284,0.64
2285,0.95
2286,0.71
2287,0.87
2288,0.46
2289,0.9
2290,0.93
2291,0.54
2292,0.99
2293,0.08
2294,0.74
2295,0.19
2296,0.02
2297,0.62
2298,0.45
2299,0.18
2300,0.86
2301,0.52
2302,0.44
2303,0.57
2304,0.96
2305,0.51
2306,0.95
2307,0.23
2308,0.2
2309,0.25
2310,0.03
2311,0.76
2312,0.67
2313,0.71
2314,0.43
2315,0.91
2316,0.62
2317,0.8
2318,0.75
2319,0.31
2320,0.16
2321,0.38
2322,0.04
2323,0.03
2324,0.9
2325,0.78
2326,0.52
2327,0.19
2328,0.24
2329,0.03
2330,0.76
2331,0.5
2332,0.17
2333,0.7
2334,0.09
2335,0.27
2336,0.13
2337,0.38
2338,0.79
2339,0.79
2340,0.98
2341,0.13
2342,0.68
2343,0.43
2344,0.3
2345,0.81
2346,0.05
2347,0.12
2348,0.4
2349,0.85
2350,0.4
2351,0.73
2352,0.3
2353,0.58
2354,0.03
2355,0.59
2356,0.36
2357,0.2
2358,0.37
2359,0.31
2360,0.94
2361,0.12
2362,0.04
2363,0.91
2364,0.04
2365,0.59
2366,0.2
2367,0.44
2368,0.04
2369,0.51
2370,0.11
2371,0.43
2372,0.08
2373,0.03
2374,0.3
2375,0.38
2376,0.71
2377,0.93
2378,0.55
2379,0.81
2380,0.36
2381,0.82
2382,0.09
2383,0.82
2384,0.0
2385,0.31
2386,0.63
2387,0.97
2388,0.41
2389,0.14
2390,0.52
2391,0.69
2392,0.12
2393,0.63
2394,0.74
2395,0.28
2396,0.32
2397,0.69
2398,0.36
2399,0.92
2400,0.97
2401,0.95
2402,0.18
2403,0.03
2404,0.8
2405,0.21
2406,0.41
2407,0.92
2408,0.89
2409,0.67
2410,0.85
2411,0.06
2412,0.61
2413,0.83
2414,0.57
2415,0.02
2416,0.0
2417,0.8
2418,0.91
2419,0.16
2420,0.81
2421,0.83
2422,0.06
2423,0.08
2424,0.31
2425,0.65
2426,0.75
2427,0.19
2428,0.33
2429,0.2
2430,0.87
2431,0.99
2432,0.79
2433,0.29
2434,0.58
2435,0.67
2436,0.46
2437,0.45
2438,0.48
2439,0.29
2440,0.46
2441,0.56
2442,0.24
2443,0.73
2444,0.41
2445,0.56
2446,0.85
2447,0.59
2448,0.1
2449,0.54
2450,0.75
2451,0.49
2452,0.1
2453,0.31
2454,0.02
2455,0.04
2456,0.77
2457,0.46
2458,0.52
2459,0.88
2460,0.25
2461,0.59
2462,0.06
2463,0.59
2464,0.33
2465,0.19
2466,0.29
2467,0.81
2468,0.4
2469,0.01
2470,0.12
2471,0.18
2472,0.16
2473,0.61
2474,0.6
2475,0.1
2476,0.65
2477,0.28
2478,0.18
2479,0.48
2480,0.67
2481,0.99
2482,0.23
2483,0.41
2484,0.44
2485,0.48
2486,0.25
2487,0.24
2488,0.48
2489,0.68
2490,0.65
2491,0.07
2492,0.19
2493,0.27
2494,0.54
2495,0.57
2496,0.09
2497,0.27
2498,0.83
2499,0.08
2500,0.13
2501,0.62
2502,0.8
2503,0.52
2504,0.53
2505,0.14
2506,0.52
2507,0.09
2508,0.14
2509,0.55
2510,0.91
2511,0.27
2512,0.18
2513,0.61
2514,0.49
2515,0.37
2516,0.87
2517,0.86
2518,0.32
2519,0.98
2520,0.96
2521,0.07
2522,0.43
2523,0.29
2524,0.47
2525,0.74
2526,0.24
2527,0.56
2528,0.99
2529,0.39
2530,0.4
2531,0.19
2532,0.11
2533,0.64
2534,0.94
2535,0.94
2536,0.75
2537,0.94
2538,0.89
2539,0.32
2540,0.83
2541,0.97
2542,0.52
2543,0.61
2544,0.62
2545,0.06
2546,0.83
2547,0.49
2548,0.26
2549,0.3
2550,0.0
2551,0.79
2552,0.1
2553,0.21
2554,0.68
2555,0.01
2556,0.46
2557,0.1
2558,0.82
2559,0.51
2560,0.58
2561,0.94
2562,0.4
2563,0.39
2564,0.87
2565,0.2
2566,0.32
2567,0.46
2568,0.97
2569,0.92
2570,0.99
2571,0.56
2572,0.06
2573,0.64
2574,0.1
2575,0.04
2576,0.12
2577,0.04
2578,0.97
2579,0.59
2580,0.82
2581,0.07
2582,0.12
2583,0.08
2584,0.12
2585,0.22
2586,0.21
2587,0.43
2588,0.67
2589,0.31
2590,0.64
2591,0.77
2592,0.86
2593,0.93
2594,0.64
2595,0.41
2596,0.1
2597,0.53
2598,0.95
2599,0.25
2600,0.1
2601,0.81
2602,0.76
2603,0.13
2604,0.45
2605,0.77
2606,0.17
2607,0.04
2608,0.09
2609,0.62
2610,0.37
2611,0.13
2612,0.32
2613,0.24
2614,0.85
2615,0.45
2616,0.03
2617,0.81
2618,0.93
2619,0.1
2620,0.73
2621,0.31
2622,0.46
2623,0.57
2624,0.89
2625,0.07
2626,0.74
2627,0.17
2628,0.81
2629,0.16
2630,0.76
2631,0.97
2632,0.13
2633,0.22
2634,0.64
2635,0.86
2636,0.65
2637,0.44
2638,0.01
2639,0.9
2640,0.41
2641,0.31
2642,0.03
2643,0.52
2644,0.12
2645,0.71
2646,0.14
2647,0.47
2648,0.95
2649,0.39
2650,0.71
2651,0.65
2652,0.89
2653,0.13
2654,0.0
2655,0.92
2656,0.69
2657,0.88
2658,0.72
2659,0.86
2660,0.85
2661,0.1
2662,0.27
2663,0.76
2664,0.19
2665,0.65
2666,0.55
2667,0.04
2668,0.36
2669,0.31
2670,0.25
2671,0.72
2672,0.03
2673,0.11
2674,0.64
2675,0.41
2676,0.0
2677,0.85
2678,0.32
2679,0.74
2680,0.47
2681,0.78
2682,0.92
2683,0.5
2684,0.44
2685,0.07
2686,0.94
2687,0.29
2688,0.78
2689,0.52
2690,0.21
2691,0.07
2692,0.77
2693,0.03
2694,0.6
2695,0.34
2696,0.42
2697,0.32
2698,0.44
2699,0.81
2700,0.25
2701,0.02
2702,0.51
2703,0.51
2704,0.16
2705,0.23
2706,0.41
2707,0.61
2708,0.38
2709,0.27
2710,0.87
2711,0.66
2712,0.21
2713,0.61
2714,0.23
2715,0.68
2716,0.92
2717,0.56
2718,0.36
2719,0.5
2720,0.06
2721,0.84
2722,0.09
2723,0.58
2724,0.05
2725,0.36
2726,0.16
2727,0.63
2728,0.47
2729,0.23
2730,0.94
2731,0.11
2732,0.05
2733,0.25
2734,0.73
2735,0.03
2736,0.71
2737,0.42
2738,0.14
2739,0.61
2740,0.07
2741,0.05
2742,0.37
2743,0.0
2744,0.32
2745,0.1
2746,0.13
2747,0.42
2748,0.92
2749,0.48
2750,0.42
2751,0.02
2752,0.96
2753,0.12
2754,0.06
2755,0.53
2756,0.33
2757,0.7
2758,0.47
2759,0.14
2760,0.79
2761,0.36
2762,0.54
2763,0.24
2764,0.77
2765,0.7
2766,0.4
2767,0.17
2768,0.45
2769,0.19
2770,0.89
2771,0.55
2772,0.98
2773,0.74
2774,0.93
2775,0.3
2776,0.72
2777,0.86
2778,0.82
2779,0.25
2780,0.49
2781,0.83
2782,0.48
2783,0.64
2784,0.36
2785,0.46
2786,0.95
2787,0.05
2788,0.47
2789,0.0
2790,0.87
2791,0.57
2792,0.57
2793,0.59
2794,0.4
2795,0.09
2796,0.03
2797,0.58
2798,0.38
2799,0.07
2800,0.04
2801,0.53
2802,0.41
2803,0.67
2804,0.5
2805,0.22
2806,0.34
2807,0.06
2808,0.01
2809,0.78
2810,0.67
2811,0.22
2812,0.75
2813,0.24
2814,0.21
2815,0.93
2816,0.23
2817,0.73
2818,0.65
2819,0.07
2820,0.32
2821,0.51
2822,0.39
2823,0.02
2824,0.14
2825,0.08
2826,0.56
2827,0.09
2828,0.83
2829,0.64
2830,0.83
2831,0.18
2832,0.15
2833,0.74
2834,0.1
2835,0.68
2836,0.89
2837,0.7
2838,0.08
2839,0.07
2840,0.14
2841,0.89
2842,0.96
2843,0.36
2844,0.04
2845,0.76
2846,0.61
2847,0.19
2848,0.85
2849,0.44
2850,0.99
2851,0.85
2852,0.51
2853,0.2
2854,0.69
2855,0.97
2856,0.44
2857,0.61
2858,0.05
2859,0.05
2860,0.47
2861,0.94
2862,0.0
2863,0.1
2864,0.86
2865,0.04
2866,0.3
2867,0.97
2868,0.46
2869,0.58
2870,0.07
2871,0.89
2872,0.49
2873,0.32
2874,0.85
2875,0.17
2876,0.32
2877,0.66
2878,0.54
2879,0.11
2880,0.55
2881,0.98
2882,0.79
2883,0.49
2884,0.95
2885,0.85
2886,0.17
2887,0.16
2888,0.37
2889,0.2
2890,0.63
2891,0.74
2892,0.48
2893,0.74
2894,0.7
2895,0.01
2896,0.49
2897,0.83
2898,0.88
2899,0.86
2900,0.87
2901,0.52
2902,0.05
2903,0.38
2904,0.15
2905,0.95
2906,0.83
2907,0.03
2908,0.12
2909,0.76
2910,0.04
2911,0.48
2912,0.43
2913,0.84
2914,0.17
2915,0.71
2916,0.89
2917,0.81
2918,0.43
2919,0.17
2920,0.82
2921,0.42
2922,0.26
2923,0.42
2924,0.22
2925,0.12
2926,0.51
2927,0.68
2928,0.81
2929,0.49
2930,0.01
2931,0.63
2932,0.07
2933,0.53
2934,0.61
2935,0.26
2936,0.34
2937,0.64
2938,0.51
2939,0.42
2940,0.82
2941,0.49
2942,0.9
2943,0.9
2944,0.62
2945,0.64
2946,0.55
2947,0.64
2948,0.86
2949,0.25
2950,0.5
2951,0.11
2952,0.51
2953,0.64
2954,0.6
2955,0.79
2956,0.32
2957,0.21
2958,0.85
2959,0.26
2960,0.86
2961,0.16
2962,0.23
2963,0.31
2964,0.1
2965,0.68
2966,0.78
2967,0.99
2968,0.82
2969,0.53
2970,0.05
2971,0.6
2972,0.35
2973,0.71
2974,0.32
2975,0.61
2976,0.57
2977,0.54
2978,0.79
2979,0.79
2980,0.63
2981,0.61
2982,0.42
2983,0.53
2984,0.89
2985,0.06
2986,0.43
2987,0.23
2988,0.21
2989,0.35
2990,0.73
2991,0.45
2992,0.86
2993,0.14
2994,0.72
2995,0.16
2996,0.6
2997,0.63
2998,0.72
2999,0.92
3000,0.53
3001,0.46
3002,0.39
3003,0.76
3004,0.16
3005,0.45
3006,0.09
3007,0.1
3008,0.79
3009,0.25
3010,0.37
3011,0.98
3012,0.13
3013,0.05
3014,0.43
3015,0.46
3016,0.29
3017,0.11
3018,0.19
3019,0.88
3020,0.5
3021,0.38
3022,0.2
3023,0.34
3024,0.93
3025,0.91
3026,0.49
3027,0.91
3028,0.63
3029,0.23
3030,0.81
3031,0.88
3032,0.42
3033,0.14
3034,0.72
3035,0.38
3036,0.13
3037,0.66
3038,0.07
3039,0.82
3040,0.03
3041,0.44
3042,0.65
3043,0.52
3044,0.39
3045,0.38
3046,0.72
3047,0.05
3048,0.67
3049,0.49
3050,0.5
3051,0.39
3052,0.68
3053,0.04
3054,0.6
3055,0.23
3056,0.5
3057,0.16
3058,0.0
3059,0.64
3060,0.21
3061,0.24
3062,0.91
3063,0.2
3064,0.26
3065,0.82
3066,0.7
3067,0.35
3068,0.67
3069,0.07
3070,0.85
3071,0.08
3072,0.21
3073,0.18
3074,0.69
3075,0.45
3076,0.83
3077,0.88
3078,0.4
3079,0.76
3080,0.16
3081,0.79
3082,0.76
3083,0.98
3084,0.07
3085,0.73
3086,0.3
3087,0.14
3088,0.43
3089,0.05
3090,0.06
3091,0.91
3092,0.22
3093,0.09
3094,0.77
3095,0.47
3096,0.4
3097,0.79
3098,0.89
3099,0.05
3100,0.36
3101,0.55
3102,0.25
3103,0.23
3104,0.78
3105,0.69
3106,0.1
3107,0.77
3108,0.87
3109,0.97
3110,0.97
3111,0.56
3112,0.71
3113,0.57
3114,0.86
3115,0.04
3116,0.68
3117,0.84
3118,0.97
3119,0.38
3120,0.5
3121,0.64
3122,0.85
3123,0.88
3124,0.29
3125,0.01
3126,0.98
3127,0.71
3128,0.9
3129,0.81
3130,0.96
3131,0.26
3132,0.37
3133,0.87
3134,0.1
3135,0.57
3136,0.63
3137,0.35
3138,0.37
3139,0.87
3140,0.28
3141,0.0
3142,0.66
3143,0.85
3144,0.95
3145,0.17
3146,0.59
3147,0.88
3148,0.65
3149,0.1
3150,0.49
3151,0.1
3152,0.87
3153,0.71
3154,0.12
3155,0.51
3156,0.74
3157,0.36
3158,0.35
3159,0.46
3160,0.08
3161,0.37
3162,0.82
3163,0.71
3164,0.16
3165,0.41
3166,0.43
3167,0.33
3168,0.35
3169,0.39
3170,0.37
3171,0.98
3172,0.82
3173,0.76
3174,0.98
3175,0.22
3176,0.72
3177,0.65
3178,0.94
3179,0.94
3180,0.69
3181,0.93
3182,0.47
3183,0.05
3184,0.29
3185,0.13
3186,0.91
3187,0.36
3188,0.67
3189,0.99
3190,0.2
3191,0.1
3192,0.66
3193,0.88
3194,0.14
3195,0.76
3196,0.57
3197,0.04
3198,0.73
3199,0.89
3200,0.62
3201,0.02
3202,0.52
3203,0.33
3204,0.41
3205,0.77
3206,0.38
3207,0.13
3208,0.14
3209,0.25
3210,0.36
3211,0.73
3212,0.41
3213,0.09
3214,0.73
3215,0.69
3216,0.23
3217,0.6
3218,0.22
3219,0.66
3220,0.83
3221,0.69
3222,0.39
3223,0.73
3224,0.71
3225,0.39
3226,0.53
3227,0.21
3228,0.99
3229,0.61
3230,0.9
3231,0.77
3232,0.67
3233,0.73
3234,0.67
3235,0.42
3236,0.36
3237,0.45
3238,0.35
3239,0.29
3240,0.86
3241,0.12
3242,0.42
3243,0.33
3244,0.15
3245,0.22
3246,0.23
3247,0.52
3248,0.61
3249,0.94
3250,0.6
3251,0.21
3252,0.56
3253,0.86
3254,0.84
3255,0.99
3256,0.42
3257,0.43
3258,0.33
3259,0.82
3260,0.21
3261,0.13
3262,0.14
3263,0.43
3264,0.99
3265,0.02
3266,0.0
3267,0.1
3268,0.86
3269,0.96
3270,0.47
3271,0.67
3272,0.8
3273,0.94
3274,0.62
3275,0.93
3276,0.61
3277,0.63
3278,0.15
3279,0.24
3280,0.57
3281,0.22
3282,0.24
3283,0.42
3284,0.67
3285,0.44
3286,0.72
3287,0.44
3288,0.45
3289,0.14
3290,0.48
3291,0.32
3292,0.44
3293,0.77
3294,0.16
3295,0.59
3296,0.17
3297,0.79
3298,0.07
3299,0.59
3300,0.84
3301,0.54
3302,0.58
3303,0.37
3304,0.9
3305,0.83
3306,0.51
3307,0.75
3308,0.93
3309,0.19
3310,0.9
3311,0.85
3312,0.46
3313,0.24
3314,0.31
3315,0.1
3316,0.85
3317,0.84
3318,0.79
3319,0.82
3320,0.81
3321,0.79
3322,0.93
3323,0.08
3324,0.88
3325,0.91
3326,0.55
3327,0.02
3328,0.56
3329,0.69
3330,0.08
3331,0.56
3332,0.15
3333,0.13
3334,0.22
3335,0.39
3336,0.6
3337,0.48
3338,0.05
3339,0.71
3340,0.3
3341,0.55
3342,0.24
3343,0.18
3344,0.76
3345,0.14
3346,0.19
3347,0.01
3348,0.07
3349,0.34
3350,0.71
3351,0.18
3352,0.65
3353,0.34
3354,0.38
3355,0.48
3356,0.8
3357,0.83
3358,0.7
3359,0.21
3360,0.27
3361,0.44
3362,0.4
3363,0.75
3364,0.07
3365,0.3
3366,0.06
3367,0.01
3368,0.96
3369,0.82
3370,0.49
3371,0.24
3372,0.43
3373,0.1
3374,0.6
3375,0.62
3376,0.99
3377,0.71
3378,0.74
3379,0.83
3380,0.15
3381,0.79
3382,0.73
3383,0.36
3384,0.57
3385,0.58
3386,0.71
3387,0.97
3388,0.26
3389,0.52
3390,0.19
3391,0.59
3392,0.21
3393,0.66
3394,0.9
3395,0.46
3396,0.7
3397,0.38
3398,0.75
3399,0.96
3400,0.11
3401,0.26
3402,0.36
3403,0.23
3404,0.11
3405,0.46
3406,0.17
3407,0.8
3408,0.48
3409,0.52
3410,0.86
3411,0.92
3412,0.31
3413,0.7
3414,0.21
3415,0.03
3416,0.02
3417,0.68
3418,0.88
3419,0.85
3420,0.47
3421,0.2
3422,0.76
3423,0.19
3424,0.61
3425,0.35
3426,0.74
3427,0.63
3428,0.16
3429,0.58
3430,0.02
3431,0.67
3432,0.47
3433,0.0
3434,0.59
3435,0.41
3436,0.63
3437,0.82
3438,0.82
3439,0.03
3440,0.33
3441,0.6
3442,0.91
3443,0.07
3444,0.89
3445,0.43
3446,0.44
3447,0.63
3448,0.85
3449,0.04
3450,0.76
3451,0.98
3452,0.25
3453,0.99
3454,0.1
3455,0.88
3456,0.63
3457,0.13
3458,0.76
3459,0.69
3460,0.93
3461,0.88
3462,0.81
3463,0.59
3464,0.81
3465,0.3
3466,0.86
3467,0.61
3468,0.26
3469,0.12
3470,0.65
3471,0.71
3472,0.23
3473,0.93
3474,0.93
3475,0.71
3476,0.71
3477,0.17
3478,0.11
3479,0.07
3480,0.12
3481,0.91
3482,0.42
3483,0.16
3484,0.13
3485,0.05
3486,0.26
3487,0.2
3488,0.96
3489,0.53
3490,0.99
3491,0.56
3492,0.33
3493,0.81
3494,0.5
3495,0.14
3496,0.0
3497,0.31
3498,0.41
3499,0.85
3500,0.4
3501,0.74
3502,0.61
3503,0.87
3504,0.45
3505,0.48
3506,0.89
3507,0.24
3508,0.24
3509,0.22
3510,0.21
3511,0.59
3512,0.13
3513,0.05
3514,0.84
3515,0.09
3516,0.83
3517,0.74
3518,0.77
3519,0.67
3520,0.74
3521,0.71
3522,0.32
3523,0.73
3524,0.52
3525,0.03
3526,0.75
3527,0.13
3528,0.32
3529,0.11
3530,0.98
3531,0.81
3532,0.29
3533,0.52
3534,0.27
3535,0.75
3536,0.99
3537,0.88
3538,0.58
3539,0.49
3540,0.98
3541,0.19
3542,0.9
3543,0.58
3544,0.37
3545,0.78
3546,0.57
3547,0.87
3548,0.38
3549,0.19
3550,0.44
3551,0.07
3552,0.07
3553,0.53
3554,0.7
3555,0.47
3556,0.91
3557,0.25
3558,0.02
3559,0.31
3560,0.83
3561,0.3
3562,0.17
3563,0.12
3564,0.11
3565,0.56
3566,0.12
3567,0.82
3568,0.51
3569,0.92
3570,0.14
3571,0.65
3572,0.46
3573,0.8
3574,0.9
3575,0.15
3576,0.24
3577,0.43
3578,0.48
3579,0.18
3580,0.53
3581,0.81
3582,0.03
3583,0.32
3584,0.66
3585,0.53
3586,0.98
3587,0.45
3588,0.06
3589,0.46
3590,0.51
3591,0.31
3592,0.64
3593,0.16
3594,0.48
3595,0.57
3596,0.13
3597,0.99
3598,0.29
3599,0.21
3600,0.2
3601,0.55
3602,0.24
3603,0.27
3604,0.72
3605,0.19
3606,0.7
3607,0.79
3608,0.42
3609,0.26
3610,0.41
3611,0.79
3612,0.33
3613,0.22
3614,0.5
3615,0.84
3616,0.52
3617,0.67
3618,0.21
3619,0.56
3620,0.11
3621,0.05
3622,0.74
3623,0.0
3624,0.29
3625,0.83
3626,0.0
3627,0.39
3628,0.74
3629,0.58
3630,0.21
3631,0.57
3632,0.73
3633,0.66
3634,0.69
3635,0.48
3636,0.75
3637,0.16
3638,0.14
3639,0.79
3640,0.74
3641,0.55
3642,0.43
3643,0.29
3644,0.79
3645,0.2
3646,0.23
3647,0.52
3648,0.37
3649,0.49
3650,0.06
3651,0.76
3652,0.16
3653,0.37
3654,0.39
3655,0.01
3656,0.84
3657,0.79
3658,0.5
3659,0.24
3660,0.94
3661,0.0
3662,0.19
3663,0.96
3664,0.13
3665,0.96
3666,0.03
3667,0.99
3668,0.1
3669,0.58
3670,0.61
3671,0.17
3672,0.86
3673,0.91
3674,0.12
3675,0.4
3676,0.65
3677,0.59
3678,0.44
3679,0.88
3680,0.05
3681,0.35
3682,0.45
3683,0.55
3684,0.45
3685,0.09
3686,0.03
3687,0.33
3688,0.99
3689,0.75
3690,0.23
3691,0.68
3692,0.55
3693,0.43
3694,0.67
3695,0.18
3696,0.58
3697,0.67
3698,0.2
3699,0.23
3700,0.81
3701,0.07
3702,0.16
3703,0.56
3704,0.28
3705,0.94
3706,0.07
3707,0.17
3708,0.76
3709,0.79
3710,0.68
3711,0.42
3712,0.62
3713,0.1
3714,0.65
3715,0.4
3716,0.6
3717,0.67
3718,0.76
3719,0.86
3720,0.79
3721,0.49
3722,0.2
3723,0.78
3724,0.2
3725,0.61
3726,0.4
3727,0.49
3728,0.06
3729,0.81
3730,0.9
3731,0.62
3732,0.1
3733,0.67
3734,0.61
3735,0.59
3736,0.11
3737,0.8
3738,0.83
3739,0.45
3740,0.96
3741,0.35
3742,0.81
3743,0.69
3744,0.43
3745,0.38
3746,0.61
3747,0.67
3748,0.27
3749,0.78
3750,0.56
3751,0.04
3752,0.51
3753,0.34
3754,0.43
3755,0.74
3756,0.84
3757,0.13
3758,0.5
3759,0.11
3760,0.85
3761,0.01
3762,0.77
3763,0.59
3764,0.83
3765,0.42
3766,0.14
3767,0.96
3768,0.57
3769,0.57
3770,0.26
3771,0.25
3772,0.22
3773,0.09
3774,0.32
3775,0.55
3776,0.12
3777,0.96
3778,0.74
3779,0.63
3780,0.67
3781,0.29
3782,0.13
3783,0.41
3784,0.89
3785,0.57
3786,0.87
3787,0.35
3788,0.54
3789,0.39
3790,0.66
3791,0.91
3792,0.94
3793,0.52
3794,0.27
3795,0.8
3796,0.31
3797,0.37
3798,0.5
3799,0.37
3800,0.39
3801,0.52
3802,0.44
3803,0.77
3804,0.11
3805,0.07
3806,0.16
3807,0.7
3808,0.29
3809,0.12
3810,0.08
3811,0.06
3812,0.5
3813,0.07
3814,0.36
3815,0.77
3816,0.05
3817,0.94
3818,0.59
3819,0.01
3820,0.66
3821,0.94
3822,0.32
3823,0.63
3824,0.38
3825,0.69
3826,0.61
3827,0.86
3828,0.85
3829,0.14
3830,0.93
3831,0.74
3832,0.27
3833,0.23
3834,0.04
3835,0.62
3836,0.57
3837,0.63
3838,0.46
3839,0.48
3840,0.02
3841,0.34
3842,0.08
3843,0.3
3844,0.61
3845,0.88
3846,0.16
3847,0.18
3848,0.61
3849,0.39
3850,0.02
3851,0.75
3852,0.03
3853,0.08
3854,0.46
3855,0.26
3856,0.51
3857,0.64
3858,0.23
3859,0.41
3860,0.76
3861,0.56
3862,0.1
3863,0.97
3864,0.74
3865,0.15
3866,0.9
3867,0.65
3868,0.79
3869,0.8
3870,0.61
3871,0.94
3872,0.6
3873,0.13
3874,0.57
3875,0.58
3876,0.98
3877,0.98
3878,0.97
3879,0.94
3880,0.27
3881,0.34
3882,0.72
3883,0.69
3884,0.16
3885,0.02
3886,0.74
3887,0.16
3888,0.96
3889,0.18
3890,0.01
3891,0.35
3892,0.79
3893,0.82
3894,0.77
3895,0.8
3896,0.95
3897,0.26
3898,0.4
3899,0.53
3900,0.5
3901,0.15
3902,0.74
3903,0.46
3904,0.09
3905,0.93
3906,0.41
3907,0.81
3908,0.74
3909,0.88
3910,0.0
3911,0.27
3912,0.52
3913,0.73
3914,0.82
3915,0.35
3916,0.48
3917,0.46
3918,0.5
3919,0.56
3920,0.67
3921,0.24
3922,0.83
3923,0.04
3924,0.7
3925,0.72
3926,0.35
3927,0.17
3928,0.53
3929,0.88
3930,0.36
3931,0.91
3932,0.13
3933,0.85
3934,0.39
3935,0.84
3936,0.99
3937,0.42
3938,0.66
3939,0.52
3940,0.07
3941,0.93
3942,0.89
3943,0.42
3944,0.26
3945,0.32
3946,0.61
3947,0.55
3948,0.59
3949,0.51
3950,0.44
3951,0.77
3952,0.91
3953,0.86
3954,0.44
3955,0.16
3956,0.03
3957,0.31
3958,0.36
3959,0.34
3960,0.96
3961,0.31
3962,0.6
3963,0.98
3964,0.7
3965,0.33
3966,0.57
3967,0.04
3968,0.17
3969,0.62
3970,0.37
3971,0.46
3972,0.85
3973,0.81
3974,0.14
3975,0.03
3976,0.12
3977,0.62
3978,0.96
3979,0.06
3980,0.03
3981,0.27
3982,0.14
3983,0.95
3984,0.05
3985,0.33
3986,0.15
3987,0.48
3988,0.25
3989,0.18
3990,0.03
3991,0.73
3992,0.82
3993,0.87
3994,0.64
3995,0.95
3996,0.09
3997,0.6
3998,0.07
3999,0.04
4000,0.77
4001,0.92
4002,0.58
4003,0.93
4004,0.4
4005,0.76
4006,0.72
4007,0.22
4008,0.7
4009,0.91
4010,0.12
4011,0.59
4012,0.03
4013,0.22
4014,0.8
4015,0.14
4016,0.54
4017,0.93
4018,0.17
4019,0.32
4020,0.3
4021,0.0
4022,0.63
4023,0.59
4024,0.23
4025,0.8
4026,0.5
4027,0.99
4028,0.58
4029,0.69
4030,0.71
4031,0.25
4032,0.61
4033,0.93
4034,0.11
4035,0.2
4036,0.14
4037,0.47
4038,0.27
